{"stats":{"minecraft:dropped":{"minecraft:bread":1,"minecraft:moss_block":1,"minecraft:black_dye":64,"minecraft:stripped_mangrove_wood":1,"minecraft:baked_potato":1,"minecraft:glow_ink_sac":3,"minecraft:cooked_beef":897,"minecraft:mangrove_trapdoor":1,"minecraft:barrier":1,"minecraft:lantern":1,"minecraft:rooted_dirt":1,"minecraft:creeper_banner_pattern":1,"minecraft:mangrove_planks":2,"minecraft:purple_dye":1,"minecraft:spruce_stairs":1,"minecraft:grass_block":1,"minecraft:item_frame":1,"minecraft:cod":64,"minecraft:polished_blackstone_stairs":1,"minecraft:white_concrete":1,"minecraft:smooth_quartz":1,"minecraft:mangrove_stairs":1,"minecraft:iron_door":1,"minecraft:stripped_dark_oak_wood":1,"minecraft:pumpkin_pie":1,"minecraft:red_dye":1,"minecraft:dark_oak_planks":3,"minecraft:mangrove_slab":1,"minecraft:bone":2,"minecraft:red_concrete":1,"minecraft:blackstone":1,"minecraft:cooked_chicken":129,"minecraft:netherite_sword":1,"minecraft:chicken":64,"minecraft:rotten_flesh":1,"minecraft:mangrove_door":1,"minecraft:light":2,"minecraft:orange_banner":1,"minecraft:spruce_planks":1,"minecraft:cake":3,"minecraft:yellow_banner":1,"minecraft:painting":6,"minecraft:spruce_slab":1,"minecraft:cooked_rabbit":64},"minecraft:custom":{"minecraft:mob_kills":19,"minecraft:interact_with_crafting_table":1,"minecraft:open_barrel":3,"minecraft:leave_game":13,"minecraft:time_since_death":660239,"minecraft:climb_one_cm":74,"minecraft:sprint_one_cm":989529,"minecraft:walk_one_cm":890139,"minecraft:drop":73,"minecraft:play_time":791130,"minecraft:deaths":2,"minecraft:sneak_time":18246,"minecraft:walk_under_water_one_cm":22002,"minecraft:jump":6152,"minecraft:walk_on_water_one_cm":19364,"minecraft:total_world_time":1537184,"minecraft:interact_with_loom":1,"minecraft:time_since_rest":660266,"minecraft:open_enderchest":1,"minecraft:damage_taken":660,"minecraft:damage_dealt":3215,"minecraft:swim_one_cm":3429,"minecraft:fly_one_cm":7155390,"minecraft:open_chest":1,"minecraft:crouch_one_cm":14797,"minecraft:fall_one_cm":9523},"minecraft:used":{"minecraft:oak_fence":63,"minecraft:moss_block":10,"minecraft:oak_trapdoor":1,"minecraft:orange_dye":2,"minecraft:netherite_sword":32,"minecraft:rose_bush":7,"minecraft:iron_bars":5,"minecraft:light_gray_dye":1,"minecraft:carved_pumpkin":50,"minecraft:flint_and_steel":18,"minecraft:redstone":9,"minecraft:smooth_quartz_slab":163,"minecraft:red_concrete":191,"minecraft:spruce_slab":104,"minecraft:polished_blackstone":20,"minecraft:ladder":44,"minecraft:oak_sign":37,"minecraft:light_blue_terracotta":2,"minecraft:black_carpet":2,"minecraft:decorated_pot":1,"minecraft:spruce_planks":242,"minecraft:ender_chest":2,"minecraft:tinted_glass":314,"minecraft:stone":4,"minecraft:stripped_jungle_wood":101,"minecraft:quartz_stairs":9,"minecraft:dirt":5,"minecraft:red_nether_brick_slab":165,"minecraft:light_blue_dye":1,"minecraft:brick_slab":1,"minecraft:jungle_planks":40,"minecraft:spruce_stairs":143,"minecraft:yellow_carpet":30,"minecraft:crimson_hyphae":138,"minecraft:deepslate_tile_slab":34,"minecraft:oak_wood":51,"minecraft:beehive":10,"minecraft:spruce_fence":16,"minecraft:stripped_spruce_log":8,"minecraft:obsidian":34,"minecraft:fern":1,"minecraft:polished_deepslate_stairs":5,"minecraft:polished_blackstone_slab":46,"minecraft:dark_oak_planks":126,"minecraft:wooden_axe":8,"minecraft:cyan_terracotta":1,"minecraft:stripped_dark_oak_wood":32,"minecraft:bricks":44,"minecraft:bookshelf":58,"minecraft:red_tulip":2,"minecraft:quartz_pillar":18,"minecraft:mangrove_stairs":13,"minecraft:quartz_slab":20,"minecraft:lantern":7,"minecraft:grass_block":42,"minecraft:rooted_dirt":75,"minecraft:brick_stairs":13,"minecraft:smooth_sandstone":42,"minecraft:polished_andesite_stairs":47,"minecraft:quartz_block":270,"minecraft:mossy_cobblestone_slab":298,"minecraft:smooth_quartz":445,"minecraft:lime_dye":1,"minecraft:barrel":26,"minecraft:stone_brick_stairs":6,"minecraft:item_frame":94,"minecraft:smooth_basalt":10,"minecraft:red_nether_brick_wall":124,"minecraft:warped_stairs":6,"minecraft:lime_concrete":22,"minecraft:brown_carpet":1,"minecraft:scaffolding":1,"minecraft:furnace":4,"minecraft:deepslate_tile_stairs":53,"minecraft:mangrove_slab":13,"minecraft:acacia_wood":52,"minecraft:stone_pressure_plate":16,"minecraft:red_dye":13,"minecraft:cobbled_deepslate":138,"minecraft:polished_blackstone_stairs":200,"minecraft:large_fern":5,"minecraft:stripped_spruce_wood":107,"minecraft:yellow_banner":62,"minecraft:water_bucket":183,"minecraft:quartz_bricks":565,"minecraft:dark_oak_stairs":51,"minecraft:mossy_stone_bricks":4,"minecraft:chiseled_bookshelf":5,"minecraft:end_rod":8,"minecraft:polished_andesite":25,"minecraft:mangrove_planks":239,"minecraft:orange_tulip":292,"minecraft:blackstone":8,"minecraft:redstone_block":2,"minecraft:spruce_sign":1,"minecraft:glow_ink_sac":34,"minecraft:deepslate_bricks":41,"minecraft:smooth_quartz_stairs":147,"minecraft:oak_leaves":282,"minecraft:glow_item_frame":2,"minecraft:stripped_mangrove_wood":246,"minecraft:polished_deepslate_slab":53,"minecraft:blue_dye":1,"minecraft:brown_dye":2,"minecraft:orange_carpet":31,"minecraft:mangrove_trapdoor":3,"minecraft:crafting_table":1,"minecraft:loom":1,"minecraft:green_dye":2,"minecraft:birch_sign":2,"minecraft:cyan_dye":3,"minecraft:campfire":1,"minecraft:chiseled_quartz_block":70,"minecraft:ochre_froglight":32,"minecraft:gray_concrete":572,"minecraft:painting":7,"minecraft:cake":20,"minecraft:warped_planks":5,"minecraft:spruce_log":36,"minecraft:deepslate_brick_stairs":40,"minecraft:dark_oak_door":13,"minecraft:deepslate_tiles":4,"minecraft:mud":3,"minecraft:lever":2,"minecraft:yellow_dye":1,"minecraft:light":164,"minecraft:black_concrete":722,"minecraft:mangrove_door":5,"minecraft:command_block":17,"minecraft:zombie_head":2,"minecraft:barrier":35,"minecraft:jungle_stairs":1,"minecraft:cyan_concrete":163,"minecraft:red_terracotta":2,"minecraft:spruce_trapdoor":36,"minecraft:magenta_concrete_powder":1,"minecraft:oak_pressure_plate":2,"minecraft:iron_door":1,"minecraft:deepslate":23,"minecraft:purple_dye":8,"minecraft:polished_andesite_slab":10,"minecraft:cobblestone":6,"minecraft:orange_banner":62,"minecraft:mud_brick_wall":11,"minecraft:glass_pane":9,"minecraft:white_concrete":195,"minecraft:coarse_dirt":86,"minecraft:oak_hanging_sign":3,"minecraft:bone_meal":1,"minecraft:candle":66,"minecraft:cobweb":1},"minecraft:picked_up":{"minecraft:chicken":64,"minecraft:cooked_rabbit":64,"minecraft:orange_banner":1,"minecraft:light":2,"minecraft:item_frame":4,"minecraft:blackstone":2,"minecraft:creeper_banner_pattern":1,"minecraft:spruce_planks":1,"minecraft:red_dye":1,"minecraft:rose_bush":3,"minecraft:smooth_quartz":1,"minecraft:poppy":9,"minecraft:spruce_slab":1,"minecraft:stripped_mangrove_wood":1,"minecraft:polished_blackstone_stairs":1,"minecraft:glow_item_frame":42,"minecraft:spruce_stairs":1,"minecraft:cake":3,"minecraft:mangrove_trapdoor":1,"minecraft:stone_pressure_plate":5,"minecraft:dark_oak_planks":1,"minecraft:black_dye":64,"minecraft:yellow_banner":1,"minecraft:arrow":2,"minecraft:mangrove_stairs":1,"minecraft:rotten_flesh":8,"minecraft:pumpkin_pie":1,"minecraft:red_tulip":3,"minecraft:stripped_dark_oak_wood":1,"minecraft:mangrove_door":1,"minecraft:cod":64,"minecraft:purple_dye":1,"minecraft:barrier":1,"minecraft:cooked_beef":898,"minecraft:glow_ink_sac":3,"minecraft:filled_map":42,"minecraft:gunpowder":1,"minecraft:mangrove_slab":1,"minecraft:lantern":1,"minecraft:bone":6,"minecraft:wheat_seeds":5,"minecraft:cooked_chicken":129,"minecraft:mangrove_planks":1,"minecraft:dandelion":3,"minecraft:painting":6,"minecraft:white_concrete":1,"minecraft:bread":2,"minecraft:rooted_dirt":1,"minecraft:baked_potato":1,"minecraft:red_concrete":1},"minecraft:killed":{"minecraft:skeleton":4,"minecraft:skeleton_horse":3,"minecraft:ocelot":1,"minecraft:creeper":1,"minecraft:zombie":10}},"DataVersion":3465}