{"stats":{"minecraft:custom":{"minecraft:jump":28,"minecraft:time_since_rest":6426,"minecraft:crouch_one_cm":229,"minecraft:leave_game":7,"minecraft:play_time":6426,"minecraft:sprint_one_cm":3870,"minecraft:time_since_death":6426,"minecraft:walk_one_cm":5196,"minecraft:sneak_time":468,"minecraft:total_world_time":8014,"minecraft:fall_one_cm":269,"minecraft:drop":2,"minecraft:fly_one_cm":108058},"minecraft:dropped":{"minecraft:map":1,"minecraft:quartz_bricks":1},"minecraft:used":{"minecraft:black_concrete":2,"minecraft:dark_oak_door":2}},"DataVersion":3465}