{"stats":{"minecraft:used":{"dedsafio_3:espada_fantasmal":5,"minecraft:netherite_sword":72,"minecraft:jungle_planks":1,"minecraft:polished_andesite":3,"minecraft:barrier":49,"dedsafio_3:altar_objects":2,"minecraft:polished_andesite_stairs":1,"dedsafio_3:infernal_sword":12},"minecraft:picked_up":{"minecraft:polished_andesite_stairs":1,"deep_dark_regrowth:anniversary_boombox_item":1,"dedsafio_3:cetro_ancestral":7},"minecraft:killed":{"dedsafio_3:rana_gigante":2,"dedsafio_3:blaze_storm":1,"dedsafio_3:creeper_cake":3},"minecraft:custom":{"minecraft:time_since_rest":22460,"minecraft:crouch_one_cm":184,"minecraft:play_time":22460,"minecraft:sprint_one_cm":1422,"minecraft:damage_taken":148,"minecraft:walk_one_cm":17337,"minecraft:sneak_time":537,"minecraft:mob_kills":6,"minecraft:drop":9,"minecraft:jump":105,"minecraft:damage_dealt":6962,"minecraft:time_since_death":22460,"minecraft:total_world_time":22460,"minecraft:fall_one_cm":958,"minecraft:fly_one_cm":26942},"minecraft:dropped":{"minecraft:polished_andesite_stairs":1,"dedsafio_3:cetro_ancestral":8}},"DataVersion":3465}