{"stats":{"minecraft:used":{"minecraft:polished_andesite":3,"dedsafio_3:altar_objects":2,"minecraft:polished_andesite_stairs":1},"minecraft:picked_up":{"minecraft:polished_andesite_stairs":1},"minecraft:custom":{"minecraft:jump":2,"minecraft:time_since_rest":4460,"minecraft:play_time":4460,"minecraft:time_since_death":4460,"minecraft:walk_one_cm":873,"minecraft:sneak_time":213,"minecraft:total_world_time":4460,"minecraft:drop":2,"minecraft:fly_one_cm":12096},"minecraft:dropped":{"minecraft:polished_andesite_stairs":1,"dedsafio_3:cetro_ancestral":1}},"DataVersion":3465}